Rating,Score,Tags,User,ImageName,URL
Questionable,83,dress feet no_bra see_through teddy thighhighs,KenB,yande.re 1246010 dress_feet_no_bra_see_through_teddy_thighhighs.jpg,https://files.yande.re/image/0eec619985d4eff82287174f247af691/yande.re%201246010%20dress%20feet%20no_bra%20see_through%20teddy%20thighhighs.png
Questionable,79,loli naked nipples yunarebun,Spidey,yande.re 1243847 loli_naked_nipples_yunarebun.jpg,https://files.yande.re/image/8066a06b3d4a3d739a3a74fb9d6a5978/yande.re%201243847%20loli%20naked%20nipples%20yunarebun.png
Questionable,73,azur_lane bikini breasts classic_(zildjian33) devil manchester_(azur_lane) nipples no_bra nurse skirt_lift stockings swimsuits tail thighhighs thong wings,KenB,yande.re 1245886 azur_lane_bikini_breasts_classic_(zildjian33)_devil_manchester_(azur_lane)_nipples_no_bra_nurse_skirt_lift_stockings_swimsuits_tail_thighhighs_thong_wings.jpg,https://files.yande.re/image/7a13db5f3647f07f3751d19851460f72/yande.re%201245886%20azur_lane%20bikini%20breasts%20classic_%28zildjian33%29%20devil%20nipples%20no_bra%20nurse%20skirt_lift%20stockings%20swimsuits%20tail%20thighhighs%20thong%20wings.png
Questionable,69,animal_ears bunny_ears bunny_girl detexted garter no_bra pointy_ears sannio see_through stockings thighhighs,Anonymous,yande.re 1245976 animal_ears_bunny_ears_bunny_girl_detexted_garter_no_bra_pointy_ears_sannio_see_through_stockings_thighhighs.jpg,https://files.yande.re/image/f31ddb7dd6803e45f62873152a736486/yande.re%201245976%20animal_ears%20bunny_ears%20bunny_girl%20detexted%20garter%20no_bra%20pointy_ears%20sannio%20see_through%20stockings%20thighhighs.png
Questionable,69,animal_ears asian_clothes detexted nekomimi no_bra pantsu sannio stockings tail thighhighs,Anonymous,yande.re 1245980 animal_ears_asian_clothes_detexted_nekomimi_no_bra_pantsu_sannio_stockings_tail_thighhighs.jpg,https://files.yande.re/image/14ff90eca4b21cae4fde3723fa2fddac/yande.re%201245980%20animal_ears%20asian_clothes%20detexted%20nekomimi%20no_bra%20pantsu%20sannio%20stockings%20tail%20thighhighs.png
Questionable,63,animal_ears bra fishnets lingerie nekomimi pantsu stockings tagme tail thighhighs,Anonymous,yande.re 1245981 animal_ears_bra_fishnets_lingerie_nekomimi_pantsu_stockings_tagme_tail_thighhighs.jpg,https://files.yande.re/image/41029a432fac853994bc652d126c87bf/yande.re%201245981%20animal_ears%20bra%20fishnets%20lingerie%20nekomimi%20pantsu%20stockings%20tagme%20tail%20thighhighs.png
Questionable,53,animal_ears detexted feet garter nekomimi no_bra pointy_ears sannio see_through skirt_lift thighhighs wet wings,Anonymous,yande.re 1245979 animal_ears_detexted_feet_garter_nekomimi_no_bra_pointy_ears_sannio_see_through_skirt_lift_thighhighs_wet_wings.jpg,https://files.yande.re/image/02888f6fd0011a4fd49cb638aa3be824/yande.re%201245979%20animal_ears%20detexted%20feet%20garter%20nekomimi%20no_bra%20pointy_ears%20sannio%20see_through%20skirt_lift%20thighhighs%20wet%20wings.png
Questionable,48,bandaid bikini detexted garter open_shirt sannio see_through swimsuits tattoo wet wet_clothes,Anonymous,yande.re 1245977 bandaid_bikini_detexted_garter_open_shirt_sannio_see_through_swimsuits_tattoo_wet_wet_clothes.jpg,https://files.yande.re/image/003ed8f872ffbd7e0fc4b758a9b94e5b/yande.re%201245977%20bandaid%20bikini%20detexted%20garter%20open_shirt%20sannio%20see_through%20swimsuits%20tattoo%20wet%20wet_clothes.png
Questionable,47,animal_ears detexted nekomimi no_bra pantsu sannio see_through tail thighhighs torn_clothes wings,Anonymous,yande.re 1245975 animal_ears_detexted_nekomimi_no_bra_pantsu_sannio_see_through_tail_thighhighs_torn_clothes_wings.jpg,https://files.yande.re/image/a6d56e320d58c8bcc22d333568586490/yande.re%201245975%20animal_ears%20detexted%20nekomimi%20no_bra%20pantsu%20sannio%20see_through%20tail%20thighhighs%20torn_clothes%20wings.png
Questionable,46,bikini garter open_shirt see_through swimsuits tagme tattoo wet wet_clothes,Anonymous,yande.re 1245978 bikini_garter_open_shirt_see_through_swimsuits_tagme_tattoo_wet_wet_clothes.jpg,https://files.yande.re/image/453457a99e47fad40b62b56227213cb3/yande.re%201245978%20bikini%20garter%20open_shirt%20see_through%20swimsuits%20tagme%20tattoo%20wet%20wet_clothes.png
Questionable,46,amagi-chan_(azur_lane) amagi_(azur_lane) animal_ears azur_lane chen_bin japanese_clothes kitsune loli manjuu_(azur_lane) pantsu pantyhose see_through skirt_lift tail thong,kuramamariko,yande.re 1245967 amagi-chan_(azur_lane)_amagi_(azur_lane)_animal_ears_azur_lane_chen_bin_japanese_clothes_kitsune_loli_manjuu_(azur_lane)_pantsu_pantyhose_see_through_skirt_lift_tail_thong.jpg,https://files.yande.re/image/c54cb8af9733796d3f2287c160fdea09/yande.re%201245967%20amagi_%28azur_lane%29%20animal_ears%20azur_lane%20chen_bin%20japanese_clothes%20kitsune%20loli%20manjuu_%28azur_lane%29%20pantsu%20pantyhose%20see_through%20skirt_lift%20tail%20thong.png
Questionable,44,amagi-chan_(azur_lane) amagi_(azur_lane) animal_ears azur_lane chen_bin japanese_clothes kitsune loli manjuu_(azur_lane) pantsu pantyhose see_through skirt_lift tail thong,kuramamariko,yande.re 1245969 amagi-chan_(azur_lane)_amagi_(azur_lane)_animal_ears_azur_lane_chen_bin_japanese_clothes_kitsune_loli_manjuu_(azur_lane)_pantsu_pantyhose_see_through_skirt_lift_tail_thong.jpg,https://files.yande.re/image/0276b7271bc9bb0e569e091ec4fcfafa/yande.re%201245969%20amagi_%28azur_lane%29%20animal_ears%20azur_lane%20chen_bin%20japanese_clothes%20kitsune%20loli%20manjuu_%28azur_lane%29%20pantsu%20pantyhose%20see_through%20skirt_lift%20tail%20thong.png
Questionable,41,dress loli no_bra yunarebun,Spidey,yande.re 1243848 dress_loli_no_bra_yunarebun.jpg,https://files.yande.re/image/0fa895ae827a3a54888f289a3435a771/yande.re%201243848%20dress%20loli%20no_bra%20yunarebun.png
Questionable,39,bathing bikini garter see_through swimsuits tagme wet,Anonymous,yande.re 1245974 bathing_bikini_garter_see_through_swimsuits_tagme_wet.jpg,https://files.yande.re/image/2a39ab2a1cc96a5aacecd2e36af0ad9c/yande.re%201245974%20bathing%20bikini%20garter%20see_through%20swimsuits%20tagme%20wet.png
Questionable,39,blue_archive cameltoe cleavage halo ichinose_asuna kakudate_karin miz_blank open_shirt pantsu pubic_hair seifuku selfie skirt_lift string_panties sweater thong,Genex,yande.re 1246067 blue_archive_cameltoe_cleavage_halo_ichinose_asuna_kakudate_karin_miz_blank_open_shirt_pantsu_pubic_hair_seifuku_selfie_skirt_lift_string_panties_sweater_thong.jpg,https://files.yande.re/image/e0b9acea5e8babb462ca676450fce29f/yande.re%201246067%20blue_archive%20cameltoe%20cleavage%20halo%20kakudate_karin%20miz_blank%20open_shirt%20pantsu%20pubic_hair%20seifuku%20selfie%20skirt_lift%20string_panties%20sweater%20thong.png
Questionable,37,ass cloba no_bra selfie torn_clothes,Spidey,yande.re 1243915 ass_cloba_no_bra_selfie_torn_clothes.jpg,https://files.yande.re/image/7fe72639a942fc5f8c2701ca7f275833/yande.re%201243915%20ass%20cloba%20no_bra%20selfie%20torn_clothes.png
Questionable,35,amanogawa_shiina bottomless feet loli phase_connect see_through shirt_lift skai_kun thighhighs,Spidey,yande.re 1243876 amanogawa_shiina_bottomless_feet_loli_phase_connect_see_through_shirt_lift_skai_kun_thighhighs.jpg,https://files.yande.re/image/2fb157a93113c05e24a49eaaceaeaeb7/yande.re%201243876%20amanogawa_shiina%20bottomless%20feet%20loli%20phase_connect%20see_through%20shirt_lift%20skai_kun%20thighhighs.png
Questionable,33,ass cutesexyrobutts naked thighhighs,Genex,yande.re 1245991 ass_cutesexyrobutts_naked_thighhighs.jpg,https://files.yande.re/image/9722ea578c8e4fdb0b8bd2189517e0c2/yande.re%201245991%20ass%20cutesexyrobutts%20naked%20thighhighs.png
Questionable,33,blue_archive bra breasts cameltoe halo jyt nipples open_shirt pantsu sakurai_miyo seifuku skirt_lift,KenB,yande.re 1245992 blue_archive_bra_breasts_cameltoe_halo_jyt_nipples_open_shirt_pantsu_sakurai_miyo_seifuku_skirt_lift.jpg,https://files.yande.re/image/9ac0858f882b5432ba4553a1b371184e/yande.re%201245992%20blue_archive%20bra%20breasts%20cameltoe%20halo%20jyt%20nipples%20open_shirt%20pantsu%20sakurai_miyo%20seifuku%20skirt_lift.png
Questionable,32,animal_ears bay breasts bunny_ears bunny_girl goddess_of_victory:_nikke maebari no_bra nopan pantyhose pasties rouge_(nikke) see_through tattoo teddy thighhighs,KenB,yande.re 1246002 animal_ears_bay_breasts_bunny_ears_bunny_girl_goddess_of_victory__nikke_maebari_no_bra_nopan_pantyhose_pasties_rouge_(nikke)_see_through_tattoo_teddy_thighhighs.jpg,https://files.yande.re/image/5a25c9fa27f8c07421aecd942d5bfcec/yande.re%201246002%20animal_ears%20bay%20breasts%20bunny_ears%20bunny_girl%20maebari%20no_bra%20nopan%20pantyhose%20pasties%20rouge_%28nikke%29%20see_through%20tattoo%20teddy%20thighhighs.png
Questionable,31,animal_ears bra bunny_ears cameltoe feet open_shirt pantsu phase_connect pipkin_pippa shimapan skai_kun,Spidey,yande.re 1243869 animal_ears_bra_bunny_ears_cameltoe_feet_open_shirt_pantsu_phase_connect_pipkin_pippa_shimapan_skai_kun.jpg,https://files.yande.re/image/b8da45eb580a025c54d7b9d7a8ff9507/yande.re%201243869%20animal_ears%20bra%20bunny_ears%20cameltoe%20feet%20open_shirt%20pantsu%20phase_connect%20pipkin_pippa%20shimapan%20skai_kun.png
Explicit,27,blue_archive halo ichinose_asuna kono_(xerondan321) naked nipples pussy uncensored,Genex,yande.re 1245985 blue_archive_halo_ichinose_asuna_kono_(xerondan321)_naked_nipples_pussy_uncensored.jpg,https://files.yande.re/image/7351f2b5a8ae71249cab7f4def3f15ab/yande.re%201245985%20blue_archive%20halo%20ichinose_asuna%20kono_%28xerondan321%29%20naked%20nipples%20pussy%20uncensored.png
Questionable,26,fern fou_zi lingerie nipples pantsu sousou_no_frieren string_panties topless,Arsy,yande.re 1245873 fern_fou_zi_lingerie_nipples_pantsu_sousou_no_frieren_string_panties_topless.jpg,https://files.yande.re/image/09042b9fff0c6dcdd5cbc0bac8decafb/yande.re%201245873%20fern%20fou_zi%20lingerie%20nipples%20pantsu%20sousou_no_frieren%20string_panties%20topless.png
Questionable,25,bikini garter goddess_of_victory:_nikke rosanna_(nikke) silvertsuki1 swimsuits tattoo thong wet,Genex,yande.re 1245986 bikini_garter_goddess_of_victory__nikke_rosanna_(nikke)_silvertsuki1_swimsuits_tattoo_thong_wet.jpg,https://files.yande.re/image/6ca724bcf8e1b5474eb75f29c62101b6/yande.re%201245986%20bikini%20garter%20goddess_of_victory%3A_nikke%20rosanna_%28nikke%29%20silvertsuki1%20swimsuits%20tattoo%20thong%20wet.png
Questionable,23,ass bra cream feet loli pantsu phase_connect rinkou_ashelia skai_kun thong,Spidey,yande.re 1243872 ass_bra_cream_feet_loli_pantsu_phase_connect_rinkou_ashelia_skai_kun_thong.jpg,https://files.yande.re/image/95f0c761be90a2778d29d4f38a93112a/yande.re%201243872%20ass%20bra%20cream%20feet%20loli%20pantsu%20phase_connect%20rinkou_ashelia%20skai_kun%20thong.png
Explicit,23,breast_hold breasts cianyo crown_(nikke) goddess_of_victory:_nikke nipples no_bra nopan open_shirt pussy pussy_juice see_through uncensored,Arsy,yande.re 1245710 breast_hold_breasts_cianyo_crown_(nikke)_goddess_of_victory__nikke_nipples_no_bra_nopan_open_shirt_pussy_pussy_juice_see_through_uncensored.jpg,https://files.yande.re/image/0e94b7fb480111db83f5f8916cbb3493/yande.re%201245710%20breast_hold%20breasts%20cianyo%20crown_%28nikke%29%20goddess_of_victory%3A_nikke%20nipples%20no_bra%20nopan%20open_shirt%20pussy%20pussy_juice%20see_through%20uncensored.png
Questionable,22,animal_ears bikini hazuki_watora kani_biimu loli minazuki_sarami nekomimi panty_pull see_through shimotsuki_potofu swimsuits tail,himeno_nanako,yande.re 1245615 animal_ears_bikini_hazuki_watora_kani_biimu_loli_minazuki_sarami_nekomimi_panty_pull_see_through_shimotsuki_potofu_swimsuits_tail.jpg,https://files.yande.re/image/d8b5052f6d8e26345dacce08768a7544/yande.re%201245615%20animal_ears%20bikini%20hazuki_watora%20kani_biimu%20loli%20minazuki_sarami%20nekomimi%20panty_pull%20see_through%20shimotsuki_potofu%20swimsuits%20tail.png
Questionable,21,areola bra fern fou_zi lingerie pantsu sousou_no_frieren string_panties,Arsy,yande.re 1245872 areola_bra_fern_fou_zi_lingerie_pantsu_sousou_no_frieren_string_panties.jpg,https://files.yande.re/image/fca7177d2e70f13fb6a1e6f119aa2719/yande.re%201245872%20areola%20bra%20fern%20fou_zi%20lingerie%20pantsu%20sousou_no_frieren%20string_panties.png
Explicit,20,blue_archive bondage halo izayoi_nonomi memmemme naked nipples pussy_juice wet,Genex,yande.re 1245997 blue_archive_bondage_halo_izayoi_nonomi_memmemme_naked_nipples_pussy_juice_wet.jpg,https://files.yande.re/image/1013ba09f6f4d8dc32bf8bb56f4b36c9/yande.re%201245997%20blue_archive%20bondage%20halo%20izayoi_nonomi%20memmemme%20naked%20nipples%20pussy_juice%20wet.png
Questionable,20,chaos_zero_nightmare no_bra tagme thighhighs uniform,moonian,yande.re 1245988 chaos_zero_nightmare_no_bra_tagme_thighhighs_uniform.jpg,https://files.yande.re/image/3535330e77df2a0b994db2a603370743/yande.re%201245988%20chaos_zero_nightmare%20no_bra%20tagme%20thighhighs%20uniform.png
Questionable,20,b1ack bra minase_iori see_through the_idolm@ster thighhighs,saemonnokami,yande.re 1245994 b1ack_bra_minase_iori_see_through_the_idolm@ster_thighhighs.jpg,https://files.yande.re/image/e8bc7516e0274573771292dbce8a3dd0/yande.re%201245994%20b1ack%20bra%20minase_iori%20see_through%20the_idolm%40ster%20thighhighs.png
Questionable,20,animal_ears bottomless bra hews nice_nature_(umamusume) open_shirt uma_musume_pretty_derby wet,Spidey,yande.re 1243871 animal_ears_bottomless_bra_hews_nice_nature_(umamusume)_open_shirt_uma_musume_pretty_derby_wet.jpg,https://files.yande.re/image/512d2525db5489c1225a82b06ac882ef/yande.re%201243871%20animal_ears%20bottomless%20bra%20hews%20nice_nature_%28umamusume%29%20open_shirt%20uma_musume_pretty_derby%20wet.png
Safe,19,chaos_zero_nightmare garter leotard sword tagme thighhighs,moonian,yande.re 1245989 chaos_zero_nightmare_garter_leotard_sword_tagme_thighhighs.jpg,https://files.yande.re/image/c70046a501885045b4697168f00190bd/yande.re%201245989%20chaos_zero_nightmare%20garter%20leotard%20sword%20tagme%20thighhighs.png
Safe,19,chaos_zero_nightmare haru_(chaos_zero_nightmare) maruro seifuku,blooregardo,yande.re 1245971 chaos_zero_nightmare_haru_(chaos_zero_nightmare)_maruro_seifuku.jpg,https://files.yande.re/image/f43fc8420b00b468c000cb1e099244f3/yande.re%201245971%20chaos_zero_nightmare%20haru_%28chaos_zero_nightmare%29%20maruro%20seifuku.png
Explicit,19,breast_hold censored cianyo crown_(nikke) goddess_of_victory:_nikke no_bra nopan open_shirt pussy pussy_juice see_through,Arsy,yande.re 1245708 breast_hold_censored_cianyo_crown_(nikke)_goddess_of_victory__nikke_no_bra_nopan_open_shirt_pussy_pussy_juice_see_through.jpg,https://files.yande.re/image/b576142b487073d3929e4a8dec77da3b/yande.re%201245708%20breast_hold%20censored%20cianyo%20crown_%28nikke%29%20goddess_of_victory%3A_nikke%20no_bra%20nopan%20open_shirt%20pussy%20pussy_juice%20see_through.png
Questionable,19,cream giuniu maebari mermaid monster_girl naked pasties tail wallpaper,Spidey,yande.re 1243916 cream_giuniu_maebari_mermaid_monster_girl_naked_pasties_tail_wallpaper.jpg,https://files.yande.re/image/d863121b76397393f5948bb26377d6f1/yande.re%201243916%20cream%20giuniu%20maebari%20mermaid%20monster_girl%20naked%20pasties%20tail%20wallpaper.png
Questionable,17,animal_ears bikini dress hazuki_watora kani_biimu loli minazuki_sarami nekomimi panty_pull seifuku shimotsuki_potofu skirt_lift sweater swimsuits tail thighhighs,himeno_nanako,yande.re 1245613 animal_ears_bikini_dress_hazuki_watora_kani_biimu_loli_minazuki_sarami_nekomimi_panty_pull_seifuku_shimotsuki_potofu_skirt_lift_sweater_swimsuits_tail_thighhighs.jpg,https://files.yande.re/image/5348671f67ff0025bdad4657eb2284b6/yande.re%201245613%20animal_ears%20bikini%20dress%20hazuki_watora%20kani_biimu%20loli%20minazuki_sarami%20nekomimi%20panty_pull%20seifuku%20skirt_lift%20sweater%20swimsuits%20tail%20thighhighs.png
Explicit,17,areola breasts cianyo garter goddess_of_victory:_nikke japanese_clothes nipples no_bra nopan pussy rupee_(nikke) uncensored,Arsy,yande.re 1245729 areola_breasts_cianyo_garter_goddess_of_victory__nikke_japanese_clothes_nipples_no_bra_nopan_pussy_rupee_(nikke)_uncensored.jpg,https://files.yande.re/image/be74cc6c0bedbc473654946dc62fd886/yande.re%201245729%20areola%20breasts%20cianyo%20garter%20goddess_of_victory%3A_nikke%20japanese_clothes%20nipples%20no_bra%20nopan%20pussy%20rupee_%28nikke%29%20uncensored.png
Explicit,17,bikini cianyo garter goddess_of_victory:_nikke japanese_clothes no_bra pantyhose rupee_(nikke) see_through swimsuits torn_clothes,Arsy,yande.re 1245726 bikini_cianyo_garter_goddess_of_victory__nikke_japanese_clothes_no_bra_pantyhose_rupee_(nikke)_see_through_swimsuits_torn_clothes.jpg,https://files.yande.re/image/c457240a2729a1dfcbca7141dada38e0/yande.re%201245726%20bikini%20cianyo%20garter%20goddess_of_victory%3A_nikke%20japanese_clothes%20no_bra%20pantyhose%20rupee_%28nikke%29%20see_through%20swimsuits%20torn_clothes.png
